modelo,MAE,RMSE,MAPE
Prophet,120390.15345826211,140679.71748584922,74.43872283080152
SARIMA,88023.38162967793,107148.74662518132,53.082666972306946
XGBoost,84266.40885416667,107552.14226283276,46.695250910425514
