modelo,MAE,RMSE,MAPE,MAPE_completo
Prophet,120390.15345826211,140679.71748584922,74.43872283080152,341.31375674017806
SARIMA,88023.38162967793,107148.74662518132,53.082666972306946,265.1890549155757
XGBoost,82455.090625,106835.19938506845,46.07858676101604,357.21031326713035
